<?xml version="1.0" ?>
<jobSummary archiveFilename="/auto/dc3-india/jdasgupt_grp/pyats_jdGrp_vxlan_automation_base/users/havadhut/archive/21-05/TRM_VPC_BL_job.2021May06_22:20:46.740868.zip" atsTreePath="/auto/dc3-india/jdasgupt_grp/pyats_jdGrp_vxlan_automation_base">
  <jobName>TRM_VPC_BL_job</jobName>
  <image/>
  <aborted>0</aborted>
  <passed>70</passed>
  <passx>0</passx>
  <failed>1</failed>
  <blocked>0</blocked>
  <skipped>0</skipped>
  <errored>0</errored>
  <unknown>0</unknown>
  <never_ran>0</never_ran>
  <total>71</total>
  <success_rate>98.59</success_rate>
  <starttime>2021-05-06T22:20:54</starttime>
  <stoptime>2021-05-07T04:19:44</stoptime>
  <runtime>05:58:50</runtime>
  <testbed>WR-EOR-L3TRM_ANYCAST_RP-testbed</testbed>
  <release/>
  <submitter>havadhut</submitter>
  <debugProfile>0</debugProfile>
  <host>bgl-ads-316</host>
</jobSummary>
