<?xml version="1.0" ?>
<jobSummary archiveFilename="/ws/balajn-bgl/pyats_new/users/balajn/archive/22-04/VxLAN_MLAG_CloudSec_JobFile.2022Apr05_03:56:19.636819.zip" atsTreePath="/ws/balajn-bgl/pyats_new">
  <jobName>VxLAN_MLAG_CloudSec_JobFile</jobName>
  <image/>
  <aborted>0</aborted>
  <passed>37</passed>
  <passx>0</passx>
  <failed>0</failed>
  <blocked>0</blocked>
  <skipped>0</skipped>
  <errored>0</errored>
  <unknown>0</unknown>
  <never_ran>0</never_ran>
  <total>37</total>
  <success_rate>100.0</success_rate>
  <starttime>2022-04-05T03:56:26</starttime>
  <stoptime>2022-04-05T05:41:01</stoptime>
  <runtime>01:44:35</runtime>
  <testbed>VxLAN_MLAG_CloudSec_Feature</testbed>
  <release/>
  <submitter>balajn</submitter>
  <user>balajn</user>
  <debugProfile>0</debugProfile>
  <host>bgl-ads-309</host>
</jobSummary>
