<?xml version="1.0" ?>
<jobSummary archiveFilename="/auto/dc3-india/havadhut/automation/pyats_envs/pyats_venv_02_2022/users/havadhut/archive/22-07/VxLAN_TRM_NBM_FlexStats_job.2022Jul14_22:55:01.580552.zip" atsTreePath="/auto/dc3-india/havadhut/automation/pyats_envs/pyats_venv_02_2022">
  <jobName>VxLAN_TRM_NBM_FlexStats_job</jobName>
  <image/>
  <aborted>0</aborted>
  <passed>21</passed>
  <passx>0</passx>
  <failed>2</failed>
  <blocked>0</blocked>
  <skipped>0</skipped>
  <errored>0</errored>
  <unknown>0</unknown>
  <never_ran>0</never_ran>
  <total>23</total>
  <success_rate>91.3</success_rate>
  <starttime>2022-07-14T22:55:32</starttime>
  <stoptime>2022-07-15T05:54:01</stoptime>
  <runtime>06:58:29</runtime>
  <testbed>myTestbed</testbed>
  <release/>
  <submitter>havadhut</submitter>
  <user>havadhut</user>
  <debugProfile>0</debugProfile>
  <host>bgl-ads-316</host>
</jobSummary>
