<?xml version="1.0" ?>
<jobSummary archiveFilename="/auto/dc3-india/jdasgupt_grp/pyats_jdGrp_vxlan_automation_base/users/pkanduri/archive/21-05/VxLAN_DSVNI_JobFile.2021May19_10:30:38.023257.zip" atsTreePath="/auto/dc3-india/jdasgupt_grp/pyats_jdGrp_vxlan_automation_base">
  <jobName>VxLAN_DSVNI_JobFile</jobName>
  <image/>
  <aborted>0</aborted>
  <passed>62</passed>
  <passx>0</passx>
  <failed>2</failed>
  <blocked>0</blocked>
  <skipped>12</skipped>
  <errored>3</errored>
  <unknown>0</unknown>
  <never_ran>0</never_ran>
  <total>79</total>
  <success_rate>93.67</success_rate>
  <starttime>2021-05-19T10:30:45</starttime>
  <stoptime>2021-05-19T13:52:38</stoptime>
  <runtime>03:21:53</runtime>
  <testbed>VxLAN_Featurette</testbed>
  <release/>
  <submitter>pkanduri</submitter>
  <debugProfile>0</debugProfile>
  <host>bgl-ads-066</host>
</jobSummary>
