<?xml version="1.0" ?>
<jobSummary archiveFilename="/auto/dc3-india/jdasgupt_grp/pyats_jdGrp_vxlan_automation_base/users/havadhut/archive/21-03/n9k_vxlan_pvmap_eor_job.2021Mar02_13:21:57.315794.zip" atsTreePath="/auto/dc3-india/jdasgupt_grp/pyats_jdGrp_vxlan_automation_base">
  <jobName>n9k_vxlan_pvmap_eor_job</jobName>
  <image/>
  <aborted>0</aborted>
  <passed>75</passed>
  <passx>0</passx>
  <failed>0</failed>
  <blocked>0</blocked>
  <skipped>0</skipped>
  <errored>0</errored>
  <unknown>0</unknown>
  <never_ran>0</never_ran>
  <total>75</total>
  <success_rate>100.0</success_rate>
  <starttime>2021-03-02T13:22:07</starttime>
  <stoptime>2021-03-03T02:37:45</stoptime>
  <runtime>13:15:38</runtime>
  <testbed>VxLAN-WF-EOR</testbed>
  <release/>
  <submitter>havadhut</submitter>
  <debugProfile>0</debugProfile>
  <host>bgl-ads-316</host>
</jobSummary>
