<?xml version="1.0" ?>
<jobSummary archiveFilename="/auto/dc3-india/jdasgupt_grp/pyats_jdGrp_vxlan_automation_base/users/pkanduri/archive/21-05/vxlan_static_tunnels_job.2021May25_12:06:04.886372.zip" atsTreePath="/auto/dc3-india/jdasgupt_grp/pyats_jdGrp_vxlan_automation_base">
  <jobName>vxlan_static_tunnels_job</jobName>
  <image/>
  <aborted>0</aborted>
  <passed>5</passed>
  <passx>0</passx>
  <failed>10</failed>
  <blocked>0</blocked>
  <skipped>0</skipped>
  <errored>1</errored>
  <unknown>0</unknown>
  <never_ran>0</never_ran>
  <total>16</total>
  <success_rate>31.25</success_rate>
  <starttime>2021-05-25T12:06:13</starttime>
  <stoptime>2021-05-25T12:59:53</stoptime>
  <runtime>00:53:40</runtime>
  <testbed>VxLAN_Featurette</testbed>
  <release/>
  <submitter>pkanduri</submitter>
  <debugProfile>0</debugProfile>
  <host>bgl-ads-066</host>
</jobSummary>
