<?xml version="1.0" ?>
<jobSummary archiveFilename="/auto/dc3-india/havadhut/automation/pyats_envs/pyats_venv_02_2022/users/havadhut/archive/22-07/VxLAN_EVPN_Logg_2_0_job.2022Jul22_07:23:21.687606.zip" atsTreePath="/auto/dc3-india/havadhut/automation/pyats_envs/pyats_venv_02_2022">
  <jobName>VxLAN_EVPN_Logg_2_0_job</jobName>
  <image/>
  <aborted>0</aborted>
  <passed>17</passed>
  <passx>0</passx>
  <failed>0</failed>
  <blocked>0</blocked>
  <skipped>0</skipped>
  <errored>0</errored>
  <unknown>0</unknown>
  <never_ran>0</never_ran>
  <total>17</total>
  <success_rate>100.0</success_rate>
  <starttime>2022-07-22T07:23:48</starttime>
  <stoptime>2022-07-22T08:30:37</stoptime>
  <runtime>01:06:49</runtime>
  <testbed>myTestbed</testbed>
  <release/>
  <submitter>havadhut</submitter>
  <user>havadhut</user>
  <debugProfile>0</debugProfile>
  <host>bgl-ads-316</host>
</jobSummary>
