<?xml version="1.0" ?>
<jobSummary archiveFilename="/auto/dc3-india/jdasgupt_grp/pyats_jdGrp_vxlan_automation_base/users/havadhut/archive/21-05/VxLAN_DSVNI_JobFile.2021May11_12:03:15.442183.zip" atsTreePath="/auto/dc3-india/jdasgupt_grp/pyats_jdGrp_vxlan_automation_base">
  <jobName>VxLAN_DSVNI_JobFile</jobName>
  <image/>
  <aborted>0</aborted>
  <passed>61</passed>
  <passx>0</passx>
  <failed>3</failed>
  <blocked>0</blocked>
  <skipped>0</skipped>
  <errored>15</errored>
  <unknown>0</unknown>
  <never_ran>0</never_ran>
  <total>79</total>
  <success_rate>77.22</success_rate>
  <starttime>2021-05-11T12:03:24</starttime>
  <stoptime>2021-05-11T18:39:51</stoptime>
  <runtime>06:36:27</runtime>
  <testbed>VxLAN_Featurette</testbed>
  <release/>
  <submitter>havadhut</submitter>
  <debugProfile>0</debugProfile>
  <host>bgl-ads-316</host>
</jobSummary>
